id	component1	component2	class
1	-5.90708448966451	-3.1705342794634	1
2	-6.09505473038917	-0.978796630722323	2
3	-5.41349082512365	-1.82239327350221	3
4	-5.82072171074346	-0.743217838510127	4
5	-5.98454337364922	-2.13429265190181	5
6	-5.19155028681338	-1.27164622160352	7
7	-6.11106230539767	-0.592310147758427	8
8	-5.76516985515337	-1.48323501395419	9
9	-4.50043822622201	-1.45717594662193	10
10	-5.15211400307958	-1.97522469035324	11
11	-4.53599742574702	-1.32912686072987	12
12	-4.14968045345447	-0.7904927026346	13
13	-5.64798227864457	0.596205070592086	14
14	-4.02029682113693	-0.922988536781602	16
15	-4.15486677930389	-1.31581957735513	17
16	-4.00907853988863	-0.84403616528913	18
17	-4.34733903671327	-2.21152938566165	20
18	-3.80922274081191	-1.19113724361535	21
19	-4.48174309317948	-1.28762570749491	22
20	-4.54562271363008	0.806664580142631	24
21	-3.74129902140366	-1.63334063508074	25
22	-4.68874041528278	0.145550086713146	26
23	-4.52973050498923	0.896412144112952	27
24	-4.08732917623146	-0.106118287046235	28
25	-3.82072608222833	-0.919141632725764	29
26	-3.21590491007326	-0.331144788529327	30
27	-5.13958293523186	-0.780149088851602	31
28	-2.8902709524758	-0.437226182645563	32
29	-4.25629102774524	0.692869797492597	33
30	-3.68554396005784	0.824702039400901	34
31	-3.58213020461668	-0.0317056745773957	35
32	-3.11274645661849	-0.694906009831864	36
33	-3.35946621578096	-0.356781587566142	37
34	-3.54891188754021	0.34161099613818	38
35	-2.5786628335105	-1.31783509076797	39
36	-2.9458275003146	-0.741012651599588	39
37	-3.57780889393945	-1.39942038161625	40
38	-2.8096405208589	-0.528926805717667	43
39	-4.30343981284941	0.503900404609675	43
40	-2.2230477386168	-0.912882659971639	44
41	-3.02513319569282	-2.99096799344505	45
42	-3.51043507763326	-0.855994649868745	45
43	-2.28195133385818	-1.02942913744197	47
44	-3.87804790147407	0.482085704334336	49
45	-3.22938415950469	-1.44107770768632	50
46	-3.16211747631393	-0.593149981010342	51
47	-3.9730646060854	-0.29543134577645	52
48	-3.53274868979015	0.67032897226698	53
49	-3.49521181039998	0.513713265099597	53
50	-2.56960309056691	-0.536052762283886	54
51	-3.31543739266778	0.713491848789757	56
52	-2.39329576959646	-0.754351734218846	57
53	-1.84666577699411	-0.556725763599567	58
54	-2.16741206868699	0.0619687554892339	59
55	-3.59269319665701	-2.03947330301736	60
56	-2.34997954593946	-1.17261428250593	60
57	-2.24053990091679	-0.0119227446577583	61
58	-2.26627336054764	0.123203661685377	62
59	-2.70419965091681	0.511900964918654	63
60	-2.63850199696619	0.691139975446579	64
61	-2.29358503532148	0.0842023114383864	65
62	-2.40740594941483	1.08354829428673	66
63	-3.25865549004865	1.49146039180798	67
64	-2.28455981017992	-0.562465113144438	68
65	-1.78265483338245	-0.891543591546594	69
66	-2.54634570709345	1.24599042930363	70
67	-1.52971687767664	0.365064040433146	70
68	-1.86795608079171	0.566229863176997	71
69	-1.4257827606911	-0.83788301366132	72
70	-3.03303023919186	0.758237456409115	73
71	-1.77472284553553	0.230610625064937	74
72	-2.38881670727744	0.835213022206758	75
73	-2.7617863190385	1.05514111620322	75
74	-2.33158190535291	-0.473473026622599	76
75	-3.35959852812845	1.30335720604216	78
76	-1.47877386464314	-1.41965102110217	79
77	-3.78378261460271	0.779734473743582	80
78	-1.84012695685003	-0.376075542065645	81
79	-1.62967529827546	-0.27135985230238	81
80	-2.28467215961595	1.21620134766169	82
81	-2.04491822271106	-1.11747233070907	83
82	-2.19421147874012	-0.23273045177844	83
83	-2.50093021770148	0.635887846437263	84
84	-2.75727779387609	1.29840816922035	85
85	-1.44005550082769	0.193544267197763	86
86	-1.5004588070941	0.2778604408785	86
87	-2.76134028277159	0.0127800825612447	87
88	-3.10283402101584	-2.2480912291878	87
89	-1.94864703823775	-0.176919655342241	87
90	-1.43398187112691	-0.980901638277845	88
91	-2.15401050264853	0.616927894078794	88
92	-1.9725528320421	-0.061114194949503	89
93	-1.55979348046872	0.124720873637423	89
94	-1.56582656480728	1.67324346550142	89
95	-1.26370865525554	-0.808775582551128	90
96	-2.45660211320467	0.640538345328473	91
97	-2.04459971223492	-1.64933943544286	92
98	-2.32396334684692	0.923407203660856	92
99	-1.33642541566173	-2.30376104650701	93
100	-2.66861686020466	0.332701942680141	94
101	-1.81804892633056	0.0314850714670022	94
102	-1.45177888319266	-3.71766940239999	95
103	-0.992371483947917	-0.465874837694396	96
104	-1.60429002608656	-0.104242318886757	97
105	-1.89559796850045	0.946238589237559	98
106	-2.06337635021385	-0.0456869875415921	99
107	-2.18184405827797	-0.321669648891808	99
108	-1.43393383039871	-0.147451278506873	100
109	-0.888425407571029	-0.315182171348665	100
110	-0.912418053454535	0.683780804400964	101
111	-1.22591378773727	0.254666382964879	101
112	-0.681879104192164	-0.448356201611831	102
113	-1.46884569740243	-0.594670154998181	102
114	-2.42486323559342	1.52502811556463	103
115	-2.23841517645407	1.04777320849261	104
116	-2.97432543172771	1.19791810509038	105
117	-1.19977060250982	-0.639168686995297	106
118	-1.78679561748599	0.918839070864349	106
119	-0.781035826784965	0.844639870294271	108
120	-2.01628550313389	0.858185433504539	109
121	-1.93918254880816	0.392401018771875	110
122	-1.73488048393413	-1.86306852063895	110
123	-2.17657077188012	1.39379251794991	111
124	-0.963508457387972	-0.00820823037436119	112
125	-2.03934205824099	1.97467949656484	113
126	-1.93449214920958	0.955378474731235	114
127	-0.31960999880574	0.109708012992461	115
128	-0.914705378827915	0.34368775563055	116
129	-0.861214664068845	-0.207439563388014	117
130	-1.2542261474788	-3.37357417251076	118
131	-2.12081344623877	0.443042867704726	119
132	-1.68429214763635	1.45035223643802	119
133	-2.32938681216123	-1.16969093028973	119
134	-1.44383806706033	-2.12320490950661	120
135	-0.784620582519353	-0.00524243021419324	121
136	-2.07040870152121	-1.28164357718152	122
137	-1.00538883467807	0.985262136744545	123
138	-1.8264829684221	1.0636575993213	124
139	-1.32568449638584	-0.846234656382389	125
140	-1.44595561359908	-0.111892494959061	125
141	-1.75980984241552	1.32713823902176	126
142	-2.59277273822163	-2.2152274472602	127
143	-1.05708654406514	-0.0769323017636624	127
144	-0.501969827787224	-0.0949595903505822	128
145	-0.87660447144848	0.719889555352882	129
146	-1.85575265701808	0.942960015986446	129
147	-0.7315139284592	0.44272089038289	130
148	-1.89444071584321	1.35706255296404	130
149	-0.819712521073924	-1.76014963157165	130
150	-1.53221449937927	-1.16340788494064	130
151	-1.35305485911364	1.26762435561807	130
152	-1.98241626892292	1.23840885680327	131
153	-2.14431895750875	0.714343578488005	131
154	-0.607405611134817	0.800209608902102	132
155	-1.28343108887481	0.379482001551178	133
156	-1.22659858022771	-1.73799628485137	134
157	-0.73493246047594	-0.226933942385905	135
158	-1.0785333020018	0.393634120819622	136
159	-1.17479814009406	-1.76806779929448	137
160	-0.931145673173774	0.60376291680135	138
161	-1.33018814943753	1.11934374400005	138
162	-0.460021264070344	-0.8655964673001	138
163	-0.878204652867774	0.338523185775573	139
164	-1.45214386232566	1.12535377086302	139
165	-0.490775560695803	0.838851475120245	139
166	0.0518865726092209	1.04381247547263	141
167	-1.15450547914966	0.529947838373705	142
168	-1.07184429261391	0.365014544192563	142
169	-0.823077911338671	-0.632160777046408	143
170	-2.53208765981842	1.73301723704089	144
171	-0.813685767391523	-0.299131982252676	144
172	-1.25751010190368	0.0326281141541646	145
173	-1.51677618911	1.06583259318241	146
174	-0.863603246327206	0.962677734262202	146
175	-0.362152178212836	0.796537421623301	147
176	-0.734525625409736	1.37807206589626	148
177	-1.76605646171415	1.32591941748448	149
178	-0.609078661489959	0.313585466848891	150
179	-1.9337253140552	1.49049716191334	150
180	0.0988609783274034	1.11364612127898	150
181	-0.929971191087175	0.127222293806608	150
182	-1.11468793899933	0.406096685982365	150
183	-1.29609731168966	-1.62101648724399	150
184	-1.62743548489165	0.380567841165791	150
185	-0.661539102990002	1.7673292124325	150
186	-0.999971055688877	0.539146047211269	150
187	-0.565812755686856	0.401418577037478	150
188	-0.925516823573087	-0.27115134399576	150
189	-0.107819540599796	0.70147491708692	150
190	-1.26737946366244	1.54379171350719	150
191	-0.174853663264311	-0.175717794099425	150
192	-0.487163128112674	0.265521885255923	150
193	-0.81233504558013	0.684055922617647	150
194	-1.22016393702712	1.04891832626203	150
195	-0.767581212483635	0.120744443283713	150
196	-0.363874424632169	-0.564418990884154	150
197	-0.403591853196157	0.627700994769051	150
198	-1.20503162891935	0.657266670473071	150
199	-0.966552848012114	0.605786541326989	150
200	0.354116368080074	-0.425725339355573	150
201	-1.25340811188314	1.44396767082977	150
202	-0.85938032252197	1.22038775716999	150
203	-0.143216017304875	1.57653900155769	150
204	0.046217824502619	-1.05404160123979	150
205	-0.525562685077314	-0.890751244588728	150
206	-1.11295858255969	1.57710774742979	150
207	0.0176122616549741	-0.256816621950978	150
208	0.400167010911739	1.90929180384512	150
209	-0.750163661366138	0.413144363474809	150
210	-1.4136587478053	-1.02821537180182	150
211	-1.12400874673252	-0.948757945747403	150
212	-1.43187575765211	2.12140709424366	150
213	-0.645035548006509	0.327334493068237	150
214	-0.982465997023599	-0.270620582585181	150
215	-0.541660819336638	-2.99366491172487	150
216	-0.754203283383912	-3.4341678492686	150
217	-0.350855855628352	0.960988590660824	150
218	0.0464517167458431	-0.959605440045986	150
219	-1.0989826804078	0.406075318910722	150
220	0.201368430290569	-0.348433740840284	150
221	-1.09068607591911	-0.284593631636932	150
222	-0.797146021146055	-0.735012698709644	151
223	-0.0244891993235933	2.4556655579707	151
224	-1.12196050465437	0.835941665761165	151
225	-0.149719532849554	-0.0849100147049414	151
226	-0.196765925342271	1.18806896935623	151
227	0.214023269252489	1.31597212058225	151
228	-0.338335692143507	1.47380699405259	151
229	-0.41269220575991	-2.21247823435499	151
230	0.35176824958908	-0.195440049000024	151
231	-0.577047259527154	-0.782279984800779	151
232	-0.237928075803222	1.23865536965803	151
233	0.205027618239375	0.306925623820769	151
234	0.278104652827261	1.68648950649386	151
235	0.200259043698764	-3.36838326041707	151
236	0.0756674013927409	-0.608342110685618	151
237	-0.242429380388002	1.2625283095924	151
238	0.153242379888057	1.49756341751993	151
239	-1.11050104988712	0.927189680924071	151
240	-0.405514093513436	-0.71226845335361	151
241	-1.30813864867663	0.0121059000221166	151
242	-0.0244680470864508	0.0689284683729162	151
243	-0.365009169529825	-0.651776585155042	151
244	0.240913467506009	-1.97880935091688	151
245	-0.525482175253023	1.05792684993079	151
246	-0.907412756535846	0.737319604298371	151
247	-0.18901258788379	-0.380198215721659	151
248	0.22413209196906	-0.130081226247116	151
249	-0.480299559726026	-2.62457013816365	151
250	-0.573853240985059	0.317396401168145	151
251	-0.948143312181732	0.892258106083078	151
252	-0.600193647318406	-1.91405578945267	151
253	-2.40921023580942	2.04977522446849	151
254	-0.173603608152295	0.624358703648023	151
255	0.340735810446307	-0.190759340866227	151
256	-0.0114340375804118	-0.500726916388683	151
257	-0.433912625969677	1.1623809080215	151
258	-1.55197473298268	1.43970796392744	151
259	-0.0377265191986138	0.29819267198053	151
260	-0.663125605726018	1.35256945246792	151
261	-0.250490757761373	-1.24651241963464	151
262	0.178495982963163	-0.281865359390465	151
263	0.213124160260812	0.657115323662101	151
264	-1.36472960992329	-0.0420520092467227	151
265	0.122610889399091	-0.742358120526926	151
266	-1.09493308458068	0.857781963566137	151
267	-0.25704704701595	-2.06196751194824	151
268	-0.156053611937031	0.711478907685926	152
269	0.0951664135511944	-0.435954974354753	152
270	-0.0718604949912397	0.348873976106618	152
271	-0.550890456386508	1.26405206286364	152
272	0.0147263669012502	0.0781038981922324	152
273	0.613761548961967	0.10103429807946	152
274	0.156207422032118	-0.0103119424643216	152
275	-0.171064735247756	1.99611047105418	152
276	-1.53622403914364	1.61326527077868	152
277	0.62133497731118	0.265865643201096	152
278	0.506531854407401	0.267089201737118	152
279	0.0180579965287402	-2.30615169386985	152
280	-0.143860814028875	0.659256574137533	152
281	-1.40996898697202	1.7728367459721	152
282	0.727934416392375	0.654470596808996	152
283	-0.716610732805591	1.34786152903287	152
284	-0.0062403053584183	0.198359626341753	152
285	-1.54137212998388	1.99851471072703	152
286	0.645707912487556	-0.871704507546991	152
287	0.582184327767667	0.94945252134849	152
288	0.919836334473765	2.0214997001634	152
289	0.0133130822759072	0.567582388483369	152
290	-0.412018377383324	-2.89215754315887	152
291	-0.151490840921914	-2.85979875159613	152
292	0.422588553093131	-1.92350472957674	152
293	-0.304123739314714	-2.30491972849165	152
294	-0.363912382700833	-0.408651382116522	152
295	0.270024696308848	-0.253185450742354	152
296	0.918321149027623	0.561927641307202	152
297	0.634473511319683	0.394506617715105	152
298	0.725465575945585	0.855075760052192	152
299	0.38706873536009	0.454449205989603	152
300	0.235649720545826	1.18365603809631	152
301	-0.175351469416819	-2.18401120597487	152
302	-0.0680507991814324	0.994527194373254	152
303	-0.39617227431649	-0.773155218573594	152
304	-0.371224713603553	1.60225802198151	152
305	0.48206219667758	1.79442804014051	152
306	0.190635205821795	-0.621466691666039	152
307	-0.123528881486361	1.94072295228689	152
308	0.372568156396048	0.766747775805839	152
309	0.754261297470593	2.33636995366983	152
310	0.149701029769491	0.737578859884814	152
311	-0.675668614078942	-0.123839446402325	152
312	1.0689892845001	0.0253636143577636	152
313	0.321837592547138	1.65554584608001	152
314	0.408032787135985	0.483368392637475	153
315	0.705075797102893	1.07161372516753	153
316	0.159991497667583	1.58624147432505	153
317	0.186048308631311	-0.00124056556352888	153
318	0.532084280111528	0.673330424308263	153
319	0.749436455371304	0.955640047583599	153
320	-0.999070867117906	0.188939536761718	153
321	-0.329998333131699	-1.74360650513326	153
322	0.325354555370173	0.568322518963383	153
323	-0.376866433893912	1.41614653644696	153
324	0.581641300210958	0.694463069258907	153
325	0.876866434768454	-2.81285439943757	153
326	0.570249740007724	-1.2151220633438	153
327	0.457388293644014	0.35111924306124	153
328	-0.712758187073095	1.80287264269816	153
329	-0.561692809495859	-0.129558793145838	153
330	0.227953631352528	0.818634404846647	153
331	0.799216791018319	-0.0359417223429385	153
332	1.04467100768655	0.542497578189862	153
333	1.09401187042157	-0.29901401413059	153
334	0.0839569144769743	0.964893062846171	153
335	0.301599902355069	0.0526966585518802	153
336	0.261807136818677	-0.183784077362426	153
337	0.594520124527047	-0.0340404708553885	153
338	-0.344121695530278	1.0012277463953	153
339	0.245541443999351	-0.554876407902465	153
340	1.10424500981055	1.89402515549102	153
341	0.210576896851611	-1.46767058349496	153
342	1.13416195874249	0.746127167854119	153
343	-1.41771437569518	1.07351864375706	153
344	1.08081126315096	-0.0673555994546638	153
345	1.21922255273141	0.052791745136854	153
346	0.501630708608186	-1.27623210301243	153
347	-0.461804056176568	1.35192641577297	153
348	0.280345886128836	-0.490174305916621	153
349	-0.24771769287676	0.698325506610812	153
350	-0.573061763381157	1.68825979003918	153
351	0.617402126044832	0.584704474376934	153
352	0.754149672453924	-0.35004529323997	153
353	1.17727526026706	0.402337272735111	153
354	0.0894408008430662	0.625217302411597	153
355	-0.944232205799525	1.61503492074408	153
356	1.10865307762131	1.51324472684469	153
357	-0.296003946123445	0.749488143585212	153
358	0.707707065693434	0.958905180080919	153
359	-0.701150195262968	1.09147387542996	153
360	0.3710299992941	-0.439805577164628	153
361	0.652525761161825	-0.124639014635085	153
362	0.520520874367219	-0.132615925981845	154
363	0.556994724479012	-0.0820396928340269	154
364	1.32173150790309	2.10905993928115	154
365	1.00517779437267	0.535803335236986	154
366	0.292280663683933	1.052345060977	154
367	1.05257406876226	0.214909198615138	154
368	1.06759514250971	-0.668202221572791	154
369	-0.998133490982283	1.17273048287317	154
370	0.897034527697835	1.35953765158887	154
371	1.69699467999197	1.66322569952527	154
372	-0.484877457403655	0.656970740173252	154
373	0.427721424602841	1.22339750542175	154
374	0.653854822254778	-0.792065948174794	154
375	-1.31803847871875	2.03834927261857	154
376	0.657322585742043	0.567595183439446	154
377	0.520443309832835	0.376269125291737	154
378	0.797509303234234	1.43559553100584	154
379	0.0215902315652707	1.65932519781059	154
380	-0.875185447530569	1.82438929275758	154
381	-0.211342396952842	0.452399074028637	154
382	0.697901035030017	1.86026822370915	154
383	1.15086323281105	-0.568295312403095	154
384	1.00458536352185	0.831760834080645	154
385	1.16589359950242	0.633862572605263	154
386	0.820161931950115	0.827234137855434	154
387	1.17211626171245	0.516647488681479	154
388	0.355221433537558	1.70099969191555	154
389	-1.14609640147129	0.815480381798136	154
390	0.375023250967569	-2.21211809032512	154
391	0.219299854475714	0.96077534317027	154
392	1.1723535111001	-0.338244000418172	154
393	1.07594428023103	-3.00781436297197	154
394	1.3329535233192	-2.64117091646353	154
395	0.970786273623136	-3.37630271371348	154
396	1.46040996006652	1.06998129253387	154
397	1.37165732634535	-2.3541308263988	154
398	0.842305858216337	0.68167155075319	154
399	0.170509743521575	-0.282474204983358	154
400	0.0518412928133286	1.02000480102127	154
401	0.783399415364603	0.94194106203795	154
402	0.326192147195476	-2.72790781375422	154
403	0.614045508700699	-0.541775251441805	154
404	-0.737220637008461	1.72621527935203	154
405	0.94551500176368	1.30174335279552	154
406	1.38986851015746	0.017216088986212	154
407	1.11867542680917	-0.302280086969978	154
408	-0.97485894098644	2.53340116059078	154
409	0.599489383451753	0.317673449301364	154
410	0.00489625516875548	-2.26586276628989	154
411	-0.144793393788783	-0.55673243308904	154
412	1.22865296091836	-1.40099337966464	154
413	0.844390550786451	-0.194012299914319	154
414	-0.0556686691018557	1.62537048716346	154
415	0.280130162779043	-0.847085655392408	154
416	1.09385850725055	2.32876932045538	154
417	-0.0626316419344893	1.23789479426884	154
418	1.6945156956979	0.98669096948391	154
419	1.22317272382278	0.796980006667774	154
420	1.19480214388177	0.419206253131051	154
421	-0.0157798014716556	-1.2354202612715	154
422	0.523850556995405	0.243802542029728	154
423	0.0979605254578655	1.08307246643096	154
424	-0.275144460927863	1.02452500312731	154
425	0.984065794339323	0.551697132568112	154
426	0.762259282269751	0.570491388664049	154
427	0.559888865109204	-0.457663903533999	154
428	1.55497997807776	1.51076989783104	154
429	0.543420699620322	0.729489931424983	154
430	0.0317492355150967	0.0333103584169872	154
431	0.996500511122242	-2.81398789826273	154
432	1.19400557706305	0.579436930518497	154
433	0.563149424355371	1.54366394905557	154
434	0.907791441389645	-0.1699298498431	154
435	-0.12030699843313	0.500695125601121	154
436	0.788455762077995	0.37062829614248	154
437	0.325249008644932	-1.75234545743739	154
438	0.603977365451304	-1.54976116170833	154
439	1.33240336888972	-1.26078501467547	154
440	0.134184892658903	-1.17302309209693	154
441	0.442715970263869	1.17034327215244	154
442	0.848670742974075	0.935703142395205	154
443	0.67558553943499	-0.284501840239689	154
444	1.35605877572299	1.28740847635622	154
445	1.11176309710393	1.10655254403604	154
446	-0.382268068196079	1.50484141799217	154
447	0.746775964862634	1.24361945119779	154
448	1.63711544775502	-1.70726952496013	155
449	1.53539163664643	-0.177390441262643	155
450	1.59576328736923	-0.211130227252089	155
451	1.52125169288634	-0.393772470707583	155
452	1.66620160326866	1.11824218148798	155
453	1.70908985961549	0.516815345632098	155
454	1.13739019301503	-3.23901880666206	155
455	1.17792484382945	-0.166409725404421	155
456	1.20872115779316	0.122395116280133	155
457	0.610030037473379	1.05732215293287	155
458	0.644129216176868	0.931849876260066	155
459	1.94594072861559	1.8468837519444	155
460	0.501317840953364	1.48413310413221	155
461	1.24272874554703	-0.915474884475606	155
462	0.372952015089738	-0.739539526559375	155
463	0.806940347071626	1.23131240937499	155
464	1.07885295958717	0.511322673121733	155
465	0.615196490725033	1.31728948044968	155
466	1.61174724642894	-0.207312388940008	155
467	1.37443042633911	0.737956099762477	155
468	1.41410472364821	0.787040346563768	155
469	0.742013958909706	-2.63179767524706	155
470	0.143770124591501	1.62954934197483	155
471	1.24696489022498	-1.56679386859307	155
472	1.26999586970999	-1.46980081777406	155
473	1.76780096771002	-2.63588573840894	155
474	1.83598230874881	-2.74975562424415	155
475	1.25061145072234	-3.18141391666374	155
476	1.17361373073173	-1.93002780918907	155
477	1.36441556411299	-1.61393176514618	155
478	1.73351868395717	-2.00896203810277	155
479	1.73704219537701	-1.35474979101611	155
480	0.974398797325294	-0.0944253221812352	155
481	1.67721076600068	-1.35615944567158	155
482	1.35853833050484	0.637414635409726	155
483	1.52512886541658	0.641386004865597	155
484	0.0189455396327704	-1.43553100171733	155
485	0.548898008921121	0.522423637776801	155
486	1.10666150141446	0.493218365997443	155
487	0.930462009196467	0.893458232403797	155
488	0.929091336915773	-0.289751955656649	155
489	1.05419954014041	1.05568258307353	155
490	0.958368754721243	1.58789271336467	155
491	0.302625840356395	1.32215588769306	155
492	0.921972751894014	0.416128909284156	155
493	1.18538214614362	-0.830809292731374	155
494	0.861257183398155	-0.100037543909653	155
495	0.979296361677957	-1.7788501030764	155
496	1.40925835797496	-0.680212610953158	155
497	0.626350108522162	-0.771443031908951	155
498	1.10594518328999	-2.35487529776408	155
499	1.29820852687081	-1.47401114379484	155
500	0.148308283898565	-0.663232084271472	155
501	1.57255939653521	-0.645334880801723	155
502	1.08782334758724	-0.63113211039169	155
503	1.28875198546845	0.0918541972653865	155
504	1.9290098983742	0.529279479959214	155
505	1.32237053809091	-0.24159562129693	155
506	1.60723172905471	-1.56007581103944	155
507	0.947404146505191	-0.42634293622386	155
508	1.56617370050368	0.156226631996457	155
509	1.15653771764976	1.17497559423372	155
510	2.11589009723015	-0.423098473016579	155
511	0.331697661251807	0.999223989217582	155
512	0.844232114132702	-1.45768690866507	155
513	1.43185914943873	0.211344572148	155
514	1.1052007450621	0.340897750193782	155
515	0.811754280661205	-0.518618695448062	155
516	1.22552225529567	0.943710042647571	155
517	1.08249922354017	0.440458680295583	155
518	1.19932162578564	0.66058784945448	155
519	1.26605815200512	0.7207766265875	155
520	0.0400408391679313	1.64101929510977	155
521	1.67791042944374	0.72900613818343	155
522	1.32242118959142	-0.200423506314957	155
523	1.41450483940508	0.412766482146739	155
524	1.46400269569603	-1.86273827399814	155
525	1.54740911340065	-0.16702655626246	155
526	1.33556860629077	-0.760856134771078	155
527	0.991799539428632	0.795212288696794	155
528	1.39772450561008	-2.17044837369902	155
529	1.18146543428927	-0.0902624675536283	155
530	0.847030422206375	-1.18937518052406	155
531	0.187015757335671	-0.934347271129933	155
532	-0.0188387868861599	2.38365591477277	155
533	1.17711032525949	1.23570903068555	155
534	1.75766144656368	0.131577037588611	155
535	1.13741770720352	-1.86582684713917	155
536	1.40497421910339	0.155661719232931	155
537	2.28679397011618	-0.447700354889836	156
538	2.36833201735258	1.02091684624418	156
539	2.09190482617676	-1.68375398057525	156
540	1.12715201215698	0.905004136017562	156
541	2.70966681141761	1.32455745817592	156
542	1.85989117461391	1.25896330075364	156
543	2.14821154383939	-2.39750226242523	156
544	-1.53860454901085	2.44363484838152	156
545	3.79029156941044	9.13768057943327	156
546	2.48350908044837	-1.48414461959247	156
547	1.83750842037136	0.129458053540375	156
548	1.54841595113498	0.613472181313606	156
549	2.14368631271015	-0.0590806965466387	156
550	1.52690556880862	0.526656942652384	156
551	-0.147948235030856	2.19564192851563	156
552	2.04541520542138	-0.319408350731126	156
553	1.95285080395774	1.07378342276915	156
554	2.20958436048123	1.49677502033615	156
555	2.75334238165611	-1.83526836672942	156
556	0.0899970874406207	1.38189152867186	156
557	1.10061707571454	1.23166499935622	156
558	2.05920943616228	0.8424949089025	156
559	2.07212246782805	-0.949299627459113	156
560	3.1236857728861	3.2737245492322	156
561	1.95995873662808	0.134256530205105	156
562	2.04859619315732	0.199166385411723	156
563	1.25662123737134	1.02219194038181	156
564	1.74173637752371	0.264940289855412	156
565	1.97246573543725	-1.24281022744002	156
566	1.25270168841043	-0.519404956068439	156
567	2.18319600888416	-1.41656898119123	156
568	1.49812516181782	-1.65100021902187	156
569	2.00317727884928	-0.518826821034488	156
570	2.28429118271174	-0.436861151606538	156
571	1.91646740853305	0.2697908842353	156
572	2.17214805669109	-0.656918812115758	156
573	1.4487260857601	-0.326426613247133	156
574	1.49791644322148	0.256603366103105	156
575	0.530721067239884	1.12882814880944	156
576	1.39250395185818	-2.15802056651148	156
577	2.26736269669943	-0.184037853153989	156
578	0.861796701609865	0.644071087699266	156
579	2.28421186103061	-1.37905651332973	156
580	2.70766164441084	-2.12144664738753	156
581	2.66155914943637	-0.0555976664987401	156
582	1.97675244399374	-0.0325533705706437	156
583	2.09676190102079	-0.81581151858866	156
584	1.5243390078659	-0.511104915265115	156
585	2.0512425703494	-0.61847909710023	156
586	0.551133726573461	-0.265335668516736	156
587	2.36154800221557	0.223262427818869	156
588	2.70884816442449	-0.730693748046435	156
589	2.00649769755177	-1.54093846745621	156
590	1.26001952114761	1.15774986652381	156
591	0.455421215999115	1.77055372124659	156
592	2.3176207618139	0.396775984987916	156
593	1.20090960377966	1.05003499356961	156
594	2.32252142745395	-0.479567903082772	156
595	2.47632194544462	-0.489049547538972	156
596	2.31080111599165	0.0880747191513577	156
597	1.66387521190053	-1.36682057930254	156
598	2.24972731986005	-0.0526062015415347	156
599	1.47276865866403	-0.32167663762748	156
600	1.63928618629165	0.914014395842341	156
601	2.06037950582088	-0.342293013549586	156
602	1.67953429042071	1.42646165004828	156
603	1.14603727926855	1.1806756375557	156
604	1.63560642794737	-1.44651980499267	156
605	2.26998860614133	-1.71636756438296	156
606	1.80392986212393	-0.415482970205045	156
607	2.2971355530359	0.643926787836881	156
608	1.6369892860461	-1.03733749581216	156
609	0.226416624354747	1.6818111722315	156
610	1.57962794094637	-1.75728845476043	156
611	1.98754971195794	-0.222452482030663	156
612	1.75423173313303	-1.52738701850792	156
613	2.08862309540505	-0.767722150500168	156
614	2.21401537816307	-2.78374965230043	156
615	2.03987023125718	0.984821072175287	156
616	0.935902497742917	0.178124140298937	156
617	1.24398335985328	0.691142119119402	156
618	1.78689328439454	0.727830715823802	156
619	2.58203450742775	1.01860939487925	156
620	1.72640040009084	0.099671918321859	156
621	1.93464429098272	0.650868839217762	156
622	2.59637037859737	1.32259939642822	156
623	1.90310641552601	0.390217785671559	156
624	1.99847460782029	-1.06405636971867	156
625	1.88979521288918	-2.60023969995073	156
626	1.89517472495504	-1.64901595792924	156
627	2.89702043128698	2.32052008760093	156
628	1.05540774296618	-1.49090681583737	156
629	1.89352117344672	-1.64851849963263	156
630	2.2504368464045	-1.39116264944084	156
631	1.18754602823017	0.983390986900619	156
632	2.52050996274467	-1.75314483980797	156
633	1.26900647140822	0.966794155607395	156
634	2.25574619000778	0.255448080803739	156
635	2.49335861765026	-0.911851087581273	156
636	1.5207692312025	0.106635488362118	156
637	1.74555134461189	-1.6129287014442	156
638	2.17671407615967	-1.69462447606174	156
639	2.44640383423153	0.040472413263913	156
640	1.02212807964188	1.41463448980512	156
641	0.882130651513672	1.52144456181226	156
642	1.95121470307934	0.282464585684764	156
643	1.57657257000003	-0.824752923613486	156
644	2.41760799726316	-2.98297196858104	156
645	1.98196597637192	-1.03742751885751	156
646	2.22135164579082	-0.89280150491692	156
647	2.38342130840057	1.06111853324373	156
648	-0.517412544375167	2.7132948301083	156
649	2.57641287749663	-0.755565466643843	156
650	1.71728040849121	-0.86597486450302	156
651	2.3342245567016	-1.43490576566961	156
652	0.655465973710018	0.941112256903823	156
653	2.31904419468566	-0.356699644298482	156
654	1.89191082296243	-0.297175279323824	156
655	1.90193322257148	-2.15588859787622	156
656	1.50159288562401	-2.25329677144925	156
657	1.84558623424715	-0.749497360886657	156
658	2.08438801281911	-1.1511578076666	156
659	2.12257464056542	-0.708444401821911	156
660	2.28484346515467	-0.392500062475711	156
661	2.16071793513357	-0.493346743425998	156
662	1.5814169846078	0.78674492057405	156
663	1.62021441104377	-1.10798771758133	156
664	2.56416223042849	0.646514595337636	156
665	2.03747541858464	-1.27117010334297	156
666	1.47607856022093	-0.750677879677528	156
667	2.13763800082039	0.237361012950552	156
668	3.25559010532637	5.94776666775558	156
669	2.39445000485511	-0.380907061532723	156
670	2.08480947941414	0.141764666807274	156
671	1.06539952255796	1.33732249123429	156
672	1.28617701915884	-0.102806007650807	156
673	2.23269461731082	-0.0333214309408082	156
674	1.56922438349612	0.539553822779513	156
675	1.41968135270826	-0.481484813165075	156
676	2.20192859247199	-0.813665955725727	156
677	1.483788279091	-0.680865660748221	156
678	2.63961825964508	-1.5191773311413	156
679	1.67927538864627	-2.23353250592191	156
680	1.65464686672339	-1.97240027961821	156
681	2.02779228749191	-1.87410319444793	156
682	0.935336632971264	-0.251763474905309	156
683	2.35239678558523	-1.78242812672002	156
684	1.59784189622424	-3.01451869229743	156
685	1.67420427522388	0.45550569907503	156
686	0.972799727762979	0.762460994283337	156
687	1.34441567380444	0.578593488888891	156
688	2.90026491831491	1.07966772380715	156
689	2.19693411630631	-0.705400762800891	156
690	1.38029881864125	0.40162048926885	156
691	1.92612037754271	-0.0588938129393634	156
692	1.62138972385876	0.520288714211944	156
693	1.94234947193128	-1.1526909607351	156
694	1.73346739885728	-0.425517567814024	156
695	2.26122234878577	-0.0366756257412315	156
696	1.29043139056012	0.858667438398333	156
697	-0.118051536828167	2.10436104745365	156
698	2.19398335409391	-2.23110213966189	156
699	2.11712695727879	-0.404642911989204	156
700	2.69022694099895	-0.701195698903323	156
701	1.9337326651665	-1.72869823410146	156
702	2.00085910918152	-0.834070754048763	156
